{
    "2": [
        [
            1.0,
            0.0,
            0.0,
            0.0
        ],
        [
            0.0,
            1.0,
            0.0,
            0.0
        ],
        [
            0.0,
            0.0,
            1.0,
            0.0
        ],
        [
            0.0,
            0.0,
            0.0,
            1.0
        ]
    ],
    "16": [
        [
            0.9994160731036854,
            0.01736954229761399,
            -0.02942468049749964,
            -8.300946139926333
        ],
        [
            -0.01822652864619696,
            0.9994099879596634,
            -0.0291113314703143,
            -4.262333368525176
        ],
        [
            0.028901669078409575,
            0.029630642362874146,
            0.9991429920475073,
            0.7774871209105161
        ],
        [
            0.0,
            0.0,
            0.0,
            1.0
        ]
    ],
    "7": [
        [
            0.9967102088416356,
            -0.0008449227251376962,
            0.0810434802834444,
            9.936512395472011
        ],
        [
            0.0004170558337776494,
            0.9999858877704312,
            0.0052962556976797505,
            -0.1877444087763689
        ],
        [
            -0.08104681150604268,
            -0.005245032466271204,
            0.9966964954183053,
            -0.5423497665869039
        ],
        [
            0.0,
            0.0,
            0.0,
            1.0
        ]
    ],
    "5": [
        [
            -0.1249117174706801,
            -0.02373871968320648,
            0.9918838319210208,
            19.497081954668857
        ],
        [
            0.057972697493611426,
            0.9978310794233195,
            0.03118177804759236,
            -0.0707682518254206
        ],
        [
            -0.9904727301565851,
            0.06139715078647573,
            -0.12326459626130867,
            -7.551920335989357
        ],
        [
            0.0,
            0.0,
            0.0,
            1.0
        ]
    ],
    "1": [
        [
            -0.18270970180858428,
            0.1220255290948635,
            0.9755649312650271,
            17.132659762104375
        ],
        [
            0.028059822060420247,
            0.992510869989409,
            -0.11888994633191714,
            0.9066902818437957
        ],
        [
            -0.9827664072662207,
            0.0056518317373399326,
            -0.18476537973077367,
            -26.055246379755197
        ],
        [
            0.0,
            0.0,
            0.0,
            1.0
        ]
    ],
    "9": [
        [
            -0.08795010497427297,
            -0.14177995950084596,
            -0.9859833782163633,
            -13.355006873755428
        ],
        [
            -0.1546320209282312,
            0.9797634806176557,
            -0.12709232923991456,
            2.2396861256155427
        ],
        [
            0.9840496517649223,
            0.14128681867716553,
            -0.10809402263502,
            -15.8695052655381
        ],
        [
            0.0,
            0.0,
            0.0,
            1.0
        ]
    ],
    "19": [
        [
            -0.14863513206563891,
            -0.33067550055366884,
            -0.9319663678746191,
            -12.730314531398966
        ],
        [
            -0.12242155900451396,
            0.9413382053736027,
            -0.31447630275572364,
            3.164915071616152
        ],
        [
            0.981285157029665,
            0.06735054890337454,
            -0.18039773877651458,
            -26.95132615334387
        ],
        [
            0.0,
            0.0,
            0.0,
            1.0
        ]
    ]
}