{
    "0": [
        [
            1.0,
            0.0,
            0.0,
            0.0
        ],
        [
            0.0,
            1.0,
            0.0,
            0.0
        ],
        [
            0.0,
            0.0,
            1.0,
            0.0
        ],
        [
            0.0,
            0.0,
            0.0,
            1.0
        ]
    ],
    "23": [
        [
            0.9964989188088877,
            -0.06493867133146126,
            0.05265808369492541,
            9.928303842129756
        ],
        [
            0.07027078744251088,
            0.9918058124924606,
            -0.10669229933964075,
            0.8629804721713645
        ],
        [
            -0.04529813732292671,
            0.11001908594364226,
            0.99289671138704,
            0.38870861024434245
        ],
        [
            0.0,
            0.0,
            0.0,
            1.0
        ]
    ],
    "8": [
        [
            -0.06878063960791637,
            -0.020714423478398056,
            -0.9974167314994689,
            -3.9336661980848846
        ],
        [
            -0.050190908165142926,
            0.9985901832898731,
            -0.01727769008449402,
            0.2728192758336735
        ],
        [
            0.9963684541135795,
            0.04887288099810798,
            -0.06972334723936224,
            -5.398093620981038
        ],
        [
            0.0,
            0.0,
            0.0,
            1.0
        ]
    ],
    "18": [
        [
            -0.16872011001451587,
            0.005157491666862919,
            -0.9856505084239522,
            -2.061231387982521
        ],
        [
            -0.04208627015421821,
            0.9990366351647509,
            0.012431711997862522,
            1.4303574093346176
        ],
        [
            0.9847650838353249,
            0.043579833391121134,
            -0.16834051140591905,
            -24.0158518653503
        ],
        [
            0.0,
            0.0,
            0.0,
            1.0
        ]
    ],
    "24": [
        [
            -0.9788261954597168,
            -0.005106073481800405,
            0.20462943848687531,
            4.012950970083012
        ],
        [
            0.0052872243469803204,
            0.9987245913685912,
            0.050211909487133013,
            2.041938612440425
        ],
        [
            -0.20462483803429216,
            0.05023065407933477,
            -0.9775507951253484,
            -30.6761529870805
        ],
        [
            0.0,
            0.0,
            0.0,
            1.0
        ]
    ],
    "17": [
        [
            -0.9466409198881556,
            0.07618004928728528,
            0.3131574186952841,
            22.88838966611889
        ],
        [
            0.05534630757264893,
            0.9956538505152979,
            -0.07490124292782352,
            1.6114094445970772
        ],
        [
            -0.3175023701193123,
            -0.053572474692195095,
            -0.9467429613807394,
            -25.951239620419848
        ],
        [
            0.0,
            0.0,
            0.0,
            1.0
        ]
    ],
    "7": [
        [
            -0.099026486630099,
            -0.08867053658391494,
            0.9911262739366862,
            26.20498501920264
        ],
        [
            0.11791189728954314,
            0.9879590734893461,
            0.10016812660549239,
            3.6853730386719623
        ],
        [
            -0.9880741568441508,
            0.1267848770634511,
            -0.08737880477968629,
            -5.871190798321541
        ],
        [
            0.0,
            0.0,
            0.0,
            1.0
        ]
    ]
}