{
    "15": [
        [
            1.0,
            0.0,
            0.0,
            0.0
        ],
        [
            0.0,
            1.0,
            0.0,
            0.0
        ],
        [
            0.0,
            0.0,
            1.0,
            0.0
        ],
        [
            0.0,
            0.0,
            0.0,
            1.0
        ]
    ],
    "3": [
        [
            0.9813980924483456,
            0.18003268026097244,
            0.06667846861468582,
            13.781057705322583
        ],
        [
            -0.1557162806066416,
            0.9496015432082665,
            -0.2720465936021111,
            -0.9515451890806238
        ],
        [
            -0.11229525409732552,
            0.2566030848889565,
            0.959971162448481,
            -0.8446226487873272
        ],
        [
            0.0,
            0.0,
            0.0,
            1.0
        ]
    ],
    "16": [
        [
            0.9954675268822525,
            0.0802964383250167,
            0.05095964006199595,
            5.628475507904
        ],
        [
            -0.07193857937140233,
            0.9862547407617677,
            -0.1487495449504356,
            -5.81936718076872
        ],
        [
            -0.06220324526064388,
            0.14440937752533256,
            0.9875609793636999,
            -0.05163769905195892
        ],
        [
            0.0,
            0.0,
            0.0,
            1.0
        ]
    ],
    "1": [
        [
            0.5881377591841899,
            0.8043869112669153,
            0.08399805476480543,
            41.29015442300569
        ],
        [
            -0.5414415878902561,
            0.46876293088440774,
            -0.6979271606203158,
            -3.0832248462094856
        ],
        [
            -0.600778647360804,
            0.3649972761694681,
            0.7112257062734668,
            -4.443698000072335
        ],
        [
            0.0,
            0.0,
            0.0,
            1.0
        ]
    ],
    "19": [
        [
            0.9896497733504888,
            0.01879682321605868,
            0.14226737343576026,
            34.764825719359834
        ],
        [
            -0.0016403165274077186,
            0.9928013206041407,
            -0.11976162644337443,
            -3.201770739322034
        ],
        [
            -0.14349437434622916,
            0.1182887029418138,
            0.9825564346577387,
            -1.2537561004357665
        ],
        [
            0.0,
            0.0,
            0.0,
            1.0
        ]
    ],
    "11": [
        [
            0.14478206167065327,
            0.5744155631296604,
            0.8056580636056649,
            54.618623800442236
        ],
        [
            0.13658638355753455,
            0.7948397239698157,
            -0.5912478101661425,
            -1.1877427162673189
        ],
        [
            -0.9799909767161471,
            0.19564399820597717,
            0.03662118950703796,
            -9.159139854454114
        ],
        [
            0.0,
            0.0,
            0.0,
            1.0
        ]
    ],
    "10": [
        [
            0.21045540861189627,
            0.42334759608754563,
            0.8811840522120763,
            53.78920674674383
        ],
        [
            0.10723816203247709,
            0.885934890704251,
            -0.4512420038479804,
            0.15595594349558195
        ],
        [
            -0.9717039145696054,
            0.1894628784742313,
            0.14105077132140295,
            -26.993038696892853
        ],
        [
            0.0,
            0.0,
            0.0,
            1.0
        ]
    ],
    "13": [
        [
            0.22894565565472305,
            0.5527137338899073,
            0.8013060683199053,
            50.26995322588441
        ],
        [
            0.051928981946526204,
            0.8150633499230012,
            -0.5770399608747127,
            -2.4842656176723246
        ],
        [
            -0.9720531197372012,
            0.17372180053686312,
            0.15790335153949048,
            -18.740439163973097
        ],
        [
            0.0,
            0.0,
            0.0,
            1.0
        ]
    ],
    "9": [
        [
            -0.9321905167340824,
            0.32990796327244154,
            0.14893480547029192,
            38.640550126805614
        ],
        [
            0.3609168172578154,
            0.8784927496499342,
            0.3130328095152085,
            11.922475869287421
        ],
        [
            -0.02756613015156201,
            0.345559292425954,
            -0.9379919423356148,
            -51.37970796628827
        ],
        [
            0.0,
            0.0,
            0.0,
            1.0
        ]
    ],
    "12": [
        [
            -0.9608570888235334,
            0.2743993107497484,
            -0.03819257935290404,
            12.246709312645752
        ],
        [
            0.27652828480027275,
            0.941497994947718,
            -0.19264898965435784,
            23.488429820062404
        ],
        [
            -0.016904513095150092,
            -0.19566947582463728,
            -0.9805241933106625,
            -51.87920972909453
        ],
        [
            0.0,
            0.0,
            0.0,
            1.0
        ]
    ],
    "2": [
        [
            0.05337352852561886,
            0.4180757699871781,
            -0.9068428292721697,
            -11.520683013440703
        ],
        [
            0.15477427052108633,
            0.8936991088483229,
            0.42112566773871396,
            33.35969792472678
        ],
        [
            0.9865070661872566,
            -0.16283290021779973,
            -0.017007497442870577,
            -40.55972645801421
        ],
        [
            0.0,
            0.0,
            0.0,
            1.0
        ]
    ]
}