{
    "23": [
        [
            1.0,
            0.0,
            0.0,
            0.0
        ],
        [
            0.0,
            1.0,
            0.0,
            0.0
        ],
        [
            0.0,
            0.0,
            1.0,
            0.0
        ],
        [
            0.0,
            0.0,
            0.0,
            1.0
        ]
    ],
    "21": [
        [
            0.07337612775019903,
            0.14252975439145027,
            -0.987066974925967,
            -5.151633959387942
        ],
        [
            -0.08671165565994124,
            0.9868986256641763,
            0.13605951431220015,
            0.10728807029534426
        ],
        [
            0.9935275701504707,
            0.07560669133927805,
            0.08477379061731805,
            -6.075314956243934
        ],
        [
            0.0,
            0.0,
            0.0,
            1.0
        ]
    ],
    "24": [
        [
            -0.11249445730572641,
            -0.04371582261798386,
            -0.9926902457102734,
            -4.954502847757334
        ],
        [
            -0.13791953098425763,
            0.990048422617756,
            -0.02797005264877145,
            1.2229137106809524
        ],
        [
            0.9840341457736982,
            0.13376489720747226,
            -0.1174042257608381,
            -16.73524867022067
        ],
        [
            0.0,
            0.0,
            0.0,
            1.0
        ]
    ],
    "14": [
        [
            -0.9912289295254519,
            -0.08738682438452267,
            0.09914006352537366,
            23.04098042531421
        ],
        [
            -0.037190129029298795,
            0.9043059285545759,
            0.4252618979920846,
            2.4174345398549093
        ],
        [
            -0.12681523400053543,
            0.4178448641601745,
            -0.8996241247989935,
            -27.69647676517983
        ],
        [
            0.0,
            0.0,
            0.0,
            1.0
        ]
    ]
}