{
    "9": [
        [
            1.0,
            0.0,
            0.0,
            0.0
        ],
        [
            0.0,
            1.0,
            0.0,
            0.0
        ],
        [
            0.0,
            0.0,
            1.0,
            0.0
        ],
        [
            0.0,
            0.0,
            0.0,
            1.0
        ]
    ],
    "13": [
        [
            -0.018669072593517206,
            -0.01353740180369632,
            -0.9997340668802398,
            -9.281479461900984
        ],
        [
            0.005711130900660421,
            0.9998905765139583,
            -0.01364617098019617,
            -0.27118635327147267
        ],
        [
            0.9998094061931669,
            -0.005964373478455489,
            -0.018589715884757167,
            -8.354793673478431
        ],
        [
            0.0,
            0.0,
            0.0,
            1.0
        ]
    ],
    "19": [
        [
            0.9991221084170749,
            0.03364514304249942,
            0.02496030492341712,
            -6.569857711319296
        ],
        [
            -0.03598752011242148,
            0.9943116454570029,
            0.10024594807146558,
            0.18987566946942724
        ],
        [
            -0.021445532597216002,
            -0.1010562024728748,
            0.9946495528945777,
            -0.9859935637635395
        ],
        [
            0.0,
            0.0,
            0.0,
            1.0
        ]
    ],
    "11": [
        [
            -0.08281211873586246,
            -0.26601642133689707,
            -0.9604048191099359,
            -9.507540132712423
        ],
        [
            -0.060284067152158144,
            0.96328734065661,
            -0.26161676280068885,
            0.3040941573534133
        ],
        [
            0.9947401591561842,
            0.03623207018413696,
            -0.09580841743865856,
            -16.27036474317859
        ],
        [
            0.0,
            0.0,
            0.0,
            1.0
        ]
    ],
    "14": [
        [
            -0.08962901392880544,
            -0.06390561920052185,
            -0.9939228902167153,
            -8.177553726643144
        ],
        [
            -0.05687487244382747,
            0.9966393395192581,
            -0.05895146993177188,
            0.4729801368950184
        ],
        [
            0.9943499830274282,
            0.05124547548043748,
            -0.09296242518424046,
            -24.39443205004737
        ],
        [
            0.0,
            0.0,
            0.0,
            1.0
        ]
    ],
    "5": [
        [
            0.9871602122231357,
            -0.03222697570769496,
            0.15644851370438004,
            47.92355338379478
        ],
        [
            0.059580893441965294,
            0.9830393199715435,
            -0.1734468579321688,
            3.6935711417739454
        ],
        [
            -0.14820537284535648,
            0.18054117930993033,
            0.9723374157323932,
            -2.957083336327564
        ],
        [
            0.0,
            0.0,
            0.0,
            1.0
        ]
    ],
    "7": [
        [
            0.9964883033726518,
            -0.054921304968189616,
            0.06320373012793767,
            35.36764663605371
        ],
        [
            0.04721702800980449,
            0.9919471644454564,
            0.1175218073999017,
            2.932590504330639
        ],
        [
            -0.06914921190740655,
            -0.11412481416944073,
            0.9910569677285839,
            -1.5817373229186416
        ],
        [
            0.0,
            0.0,
            0.0,
            1.0
        ]
    ],
    "1": [
        [
            -0.14784992998394503,
            -0.04938861696799055,
            0.9877758666406723,
            49.60524037839295
        ],
        [
            -0.0361953050491162,
            0.9983534785224276,
            0.0444997956688647,
            2.53439072933405
        ],
        [
            -0.9883472558246642,
            -0.029173557139272756,
            -0.1493941279558793,
            -13.441828163289866
        ],
        [
            0.0,
            0.0,
            0.0,
            1.0
        ]
    ],
    "2": [
        [
            -0.22113197574209661,
            -0.056329162326000375,
            0.9736157736890089,
            47.061791906751296
        ],
        [
            -0.050744631731000835,
            0.9976427741785497,
            0.04619391171804213,
            2.0347524559058936
        ],
        [
            -0.9739228057987364,
            -0.03919082291787546,
            -0.2234691203368777,
            -26.883848055901545
        ],
        [
            0.0,
            0.0,
            0.0,
            1.0
        ]
    ],
    "16": [
        [
            -0.9841031046295017,
            0.05382863764581806,
            -0.1692440759015549,
            40.24533902972502
        ],
        [
            0.10233854416779967,
            0.9507153452459007,
            -0.2926895192718498,
            1.7102875098421313
        ],
        [
            0.14514786197595708,
            -0.3053568569447332,
            -0.9411106672866073,
            -36.12774627743141
        ],
        [
            0.0,
            0.0,
            0.0,
            1.0
        ]
    ]
}