{
    "11": [
        [
            1.0,
            0.0,
            0.0,
            0.0
        ],
        [
            0.0,
            1.0,
            0.0,
            0.0
        ],
        [
            0.0,
            0.0,
            1.0,
            0.0
        ],
        [
            0.0,
            0.0,
            0.0,
            1.0
        ]
    ],
    "14": [
        [
            0.9979162311445156,
            0.06301467002923918,
            -0.013868921350646045,
            10.26010209195199
        ],
        [
            -0.05676604822251578,
            0.9596081668371351,
            0.27555359171796684,
            0.2419653328598147
        ],
        [
            0.030672648850781255,
            -0.27419211786734315,
            0.9611856590232178,
            1.5730543773985808
        ],
        [
            0.0,
            0.0,
            0.0,
            1.0
        ]
    ],
    "19": [
        [
            -0.027768174321415248,
            0.05285328602239663,
            -0.998216138244364,
            -4.225749011652548
        ],
        [
            -0.010889854703544718,
            0.9985259552682075,
            0.05317262190498337,
            0.39718597002317146
        ],
        [
            0.9995550707986989,
            0.012346935342398956,
            -0.027151678184956788,
            -9.601781433371468
        ],
        [
            0.0,
            0.0,
            0.0,
            1.0
        ]
    ],
    "9": [
        [
            -0.053568087936004566,
            0.1502244242075424,
            -0.9871996162511377,
            -3.246924111991461
        ],
        [
            0.01409792470784763,
            0.9886343197045885,
            0.14967775526503266,
            -0.14293505639337079
        ],
        [
            0.9984646756264404,
            -0.005899514705423665,
            -0.0550771027962455,
            -20.06455811305915
        ],
        [
            0.0,
            0.0,
            0.0,
            1.0
        ]
    ],
    "13": [
        [
            -0.1270721896131003,
            0.16667125833899757,
            -0.9777900338368293,
            -2.266683115239503
        ],
        [
            0.014182854813205827,
            0.9859858317821933,
            0.16622510687054684,
            -0.5879732418486169
        ],
        [
            0.991792067550593,
            0.007254734211004629,
            -0.12765525283061396,
            -29.494166103447057
        ],
        [
            0.0,
            0.0,
            0.0,
            1.0
        ]
    ]
}